SPY_GRU_RMSE,SPY_GRU_MAE,SPY_GRU_R2
0.013173842591938838,0.007313864749782996,0.9693661603787975
