SPY_XGBoost_RMSE,SPY_XGBoost_R2
0.014115126519805147,0.963352982542461
