SPY_LightGBM_RMSE,SPY_LightGBM_R2
0.013387356910981172,0.967034568221927
