SPY_다중회귀_RMSE,SPY_다중회귀_R2
0.011876449556831233,0.9740556770611642
