SPY_XGBoost_RMSE,SPY_XGBoost_MAE,SPY_XGBoost_R2
0.014115126519805147,0.008295040404317807,0.963352982542461
