SPY_LightGBM_RMSE,SPY_LightGBM_MAE,SPY_LightGBM_R2
0.013387356910981172,0.007509063710276998,0.967034568221927
