SPY_LSTM_RMSE,SPY_LSTM_MAE,SPY_LSTM_R2
0.012224064783209143,0.0075199885041031065,0.9711628225575122
