SPY_LSTM_RMSE,SPY_LSTM_R2
0.012224064783209143,0.9711628225575122
