SPY_LSTM_RMSE,SPY_LSTM_MAE,SPY_LSTM_R2
0.011358852477008444,0.007042149921912727,0.9751005139771155
