SPY_GRU_RMSE,SPY_GRU_MAE,SPY_GRU_R2
0.013067591177968706,0.0077024104052914,0.9703465459770244
