Top60_GRU_RMSE,Top60_GRU_R2
0.013173842591938838,0.9693661603787975
