Top60_XGBoost_RMSE,Top60_XGBoost_R2
0.013318093924349501,0.9673747963479168
