Top60_LSTM_RMSE,Top60_LSTM_MAE,Top60_LSTM_R2
0.01235500381708886,0.007858666844281551,0.9687238873404378
