Top60_LSTM_RMSE,Top60_LSTM_MAE,Top60_LSTM_R2
0.011589630357097949,0.007119161568783911,0.9724788757938547
