SPY_GRU_RMSE,SPY_GRU_R2
0.01318597669309,0.969309702243009
