Top60_LightGBM_RMSE,Top60_LightGBM_R2
0.013343969867072578,0.967247897105652
