Top60_다중회귀_RMSE,Top60_다중회귀_R2
0.012473307077517672,0.9700177496608023
