Top60_GRU_RMSE,Top60_GRU_MAE,Top60_GRU_R2
0.01318597669309,0.007370443745159131,0.969309702243009
