Top60_GRU_RMSE,Top60_GRU_MAE,Top60_GRU_R2
0.014497694597020232,0.008883417596492301,0.9635009044541326
