SPY_LSTM_RMSE,SPY_LSTM_R2
0.01235500381708886,0.9687238873404378
