Top60_LightGBM_RMSE,Top60_LightGBM_MAE,Top60_LightGBM_R2
0.013343969867072578,0.007519429129264606,0.967247897105652
